timestamp,core0,core1,core2,core3
2026-05-13T10:37:28.981180,6.40,10.10,100.00,100.00
2026-05-13T10:37:29.234664,4.00,4.00,100.00,100.00
2026-05-13T10:37:29.488140,3.80,3.80,100.00,100.00
2026-05-13T10:37:29.741389,11.50,0.00,100.00,100.00
2026-05-13T10:37:29.994630,0.00,3.80,100.00,100.00
2026-05-13T10:37:30.247875,4.00,0.00,100.00,100.00
2026-05-13T10:37:30.501142,3.80,0.00,100.00,100.00
2026-05-13T10:37:30.754328,4.00,7.40,100.00,100.00
2026-05-13T10:37:31.007616,0.00,0.00,100.00,100.00
2026-05-13T10:37:31.260830,3.80,4.00,100.00,100.00
2026-05-13T10:37:31.513944,0.00,0.00,100.00,100.00
2026-05-13T10:37:31.767295,3.80,3.80,100.00,100.00
2026-05-13T10:37:32.020607,0.00,0.00,100.00,100.00
2026-05-13T10:37:32.274118,4.00,3.80,100.00,100.00
2026-05-13T10:37:32.527536,3.80,3.80,100.00,100.00
2026-05-13T10:37:32.780820,3.80,3.80,100.00,100.00
2026-05-13T10:37:33.034117,4.00,4.00,100.00,100.00
2026-05-13T10:37:33.287342,0.00,0.00,100.00,100.00
2026-05-13T10:37:33.540412,7.70,0.00,100.00,100.00
2026-05-13T10:37:33.793512,0.00,0.00,100.00,100.00
2026-05-13T10:37:34.046638,3.80,3.80,100.00,100.00
2026-05-13T10:37:34.299630,4.00,4.00,100.00,100.00
2026-05-13T10:37:34.552953,0.00,0.00,100.00,100.00
2026-05-13T10:37:34.806563,8.00,4.00,100.00,100.00
2026-05-13T10:37:35.060140,11.50,8.00,100.00,100.00
2026-05-13T10:37:35.313575,8.30,4.20,100.00,100.00
2026-05-13T10:37:35.567589,15.40,0.00,100.00,100.00
2026-05-13T10:37:35.821195,15.40,8.70,100.00,100.00
2026-05-13T10:37:36.074863,16.00,8.70,100.00,100.00
2026-05-13T10:37:36.328232,12.50,0.00,100.00,100.00
2026-05-13T10:37:36.581806,16.00,9.10,100.00,100.00
2026-05-13T10:37:36.836442,18.50,4.30,100.00,100.00
2026-05-13T10:37:37.090492,18.50,0.00,100.00,100.00
2026-05-13T10:37:37.343979,12.50,0.00,100.00,100.00
2026-05-13T10:37:37.597893,8.30,4.30,100.00,100.00
2026-05-13T10:37:37.851851,18.50,0.00,100.00,100.00
2026-05-13T10:37:38.105198,12.50,8.70,100.00,100.00
2026-05-13T10:37:38.359511,18.50,8.70,100.00,100.00
2026-05-13T10:37:38.612839,16.00,0.00,100.00,100.00
2026-05-13T10:37:38.866233,15.40,4.50,100.00,100.00
2026-05-13T10:37:39.119639,8.30,4.30,100.00,100.00
2026-05-13T10:37:39.373914,16.00,0.00,100.00,100.00
2026-05-13T10:37:39.627805,19.20,8.30,100.00,100.00
2026-05-13T10:37:39.881777,15.40,0.00,100.00,100.00
2026-05-13T10:37:40.135445,12.50,4.30,100.00,100.00
2026-05-13T10:37:40.391814,27.30,26.30,100.00,100.00
2026-05-13T10:37:40.647172,35.30,33.30,100.00,100.00
2026-05-13T10:37:40.903816,31.20,47.40,100.00,100.00
2026-05-13T10:37:41.160137,50.00,57.90,100.00,100.00
2026-05-13T10:37:41.416173,50.00,56.20,100.00,100.00
2026-05-13T10:37:41.671663,45.00,55.60,100.00,100.00
2026-05-13T10:37:41.926390,37.50,41.20,100.00,100.00
2026-05-13T10:37:42.181062,35.30,52.40,100.00,100.00
2026-05-13T10:37:42.437428,44.40,43.70,100.00,100.00
2026-05-13T10:37:42.692966,35.30,41.20,100.00,100.00
2026-05-13T10:37:42.947448,35.30,44.40,100.00,100.00
2026-05-13T10:37:43.205833,41.20,47.10,100.00,100.00
2026-05-13T10:37:43.460703,38.90,44.40,100.00,100.00
2026-05-13T10:37:43.716033,44.40,50.00,100.00,100.00
2026-05-13T10:37:43.970453,41.20,47.40,100.00,100.00
2026-05-13T10:37:44.227852,44.40,55.00,100.00,100.00
2026-05-13T10:37:44.481889,31.30,37.50,100.00,100.00
2026-05-13T10:37:44.737968,37.50,47.40,100.00,100.00
2026-05-13T10:37:44.992650,44.40,50.00,100.00,100.00
2026-05-13T10:37:45.250907,47.10,50.00,100.00,100.00
2026-05-13T10:37:45.573137,89.30,96.70,100.00,100.00
2026-05-13T10:37:45.828611,87.00,96.20,100.00,100.00
2026-05-13T10:37:46.083415,81.00,100.00,100.00,100.00
2026-05-13T10:37:46.339075,75.00,100.00,100.00,100.00
2026-05-13T10:37:46.595318,76.20,100.00,100.00,100.00
2026-05-13T10:37:46.850021,87.00,100.00,100.00,100.00
2026-05-13T10:37:47.104716,86.40,100.00,100.00,100.00
2026-05-13T10:37:47.359280,87.00,92.30,100.00,100.00
2026-05-13T10:37:47.613738,85.70,100.00,100.00,100.00
2026-05-13T10:37:47.870710,86.40,96.30,100.00,100.00
2026-05-13T10:37:48.128160,86.40,96.00,100.00,100.00
2026-05-13T10:37:48.388772,87.00,100.00,100.00,100.00
2026-05-13T10:37:48.645054,81.80,96.00,100.00,100.00
2026-05-13T10:37:48.903283,95.80,96.20,100.00,100.00
2026-05-13T10:37:49.159650,81.00,100.00,100.00,100.00
2026-05-13T10:37:49.417931,86.40,96.00,100.00,100.00
2026-05-13T10:37:49.673159,87.00,100.00,100.00,100.00
2026-05-13T10:37:49.929962,96.20,96.20,100.00,100.00
2026-05-13T10:37:50.186319,100.00,100.00,100.00,100.00
2026-05-13T10:37:50.441174,73.70,82.60,100.00,100.00
2026-05-13T10:37:50.696237,55.60,66.70,100.00,100.00
2026-05-13T10:37:50.951548,50.00,55.60,100.00,100.00
2026-05-13T10:37:51.206452,50.00,65.00,100.00,100.00
2026-05-13T10:37:51.460906,50.00,58.80,100.00,100.00
2026-05-13T10:37:51.716606,47.10,55.60,100.00,100.00
2026-05-13T10:37:51.970729,41.20,55.60,100.00,100.00
2026-05-13T10:37:52.226632,43.80,55.60,100.00,100.00
2026-05-13T10:37:52.480815,43.70,55.60,100.00,100.00
2026-05-13T10:37:52.735535,52.90,50.00,100.00,100.00
2026-05-13T10:37:52.991548,43.70,52.60,100.00,100.00
2026-05-13T10:37:53.246060,40.00,50.00,100.00,100.00
2026-05-13T10:37:53.500815,52.60,55.60,100.00,100.00
2026-05-13T10:37:53.755597,43.70,52.90,100.00,100.00
2026-05-13T10:37:54.009733,47.10,55.60,100.00,100.00
2026-05-13T10:37:54.265685,50.00,60.00,100.00,100.00
2026-05-13T10:37:54.520500,50.00,55.60,100.00,100.00
2026-05-13T10:37:54.775447,47.10,50.00,100.00,100.00
2026-05-13T10:37:55.030806,55.60,52.90,100.00,100.00
2026-05-13T10:37:55.285341,47.10,47.10,100.00,100.00
2026-05-13T10:37:55.605550,33.30,39.10,100.00,100.00
2026-05-13T10:37:55.859210,26.30,13.30,100.00,100.00
2026-05-13T10:37:56.112905,22.20,23.50,100.00,100.00
2026-05-13T10:37:56.366712,23.50,25.00,100.00,100.00
2026-05-13T10:37:56.620770,26.30,22.20,100.00,100.00
2026-05-13T10:37:56.875260,12.50,27.80,100.00,100.00
2026-05-13T10:37:57.129830,27.80,23.50,100.00,100.00
2026-05-13T10:37:57.384137,22.20,18.80,100.00,100.00
2026-05-13T10:37:57.638568,17.60,23.50,100.00,100.00
2026-05-13T10:37:57.892855,22.20,27.80,100.00,100.00
2026-05-13T10:37:58.146917,27.80,14.30,100.00,100.00
2026-05-13T10:37:58.401004,12.50,31.60,100.00,100.00
2026-05-13T10:37:58.655752,22.20,29.40,100.00,100.00
2026-05-13T10:37:58.910820,18.70,25.00,100.00,100.00
2026-05-13T10:37:59.165456,26.30,23.50,100.00,100.00
2026-05-13T10:37:59.419330,22.20,27.80,100.00,100.00
2026-05-13T10:37:59.673792,18.70,20.00,100.00,100.00
2026-05-13T10:37:59.928532,22.20,27.80,100.00,100.00
2026-05-13T10:38:00.183384,22.20,18.70,100.00,100.00
2026-05-13T10:38:00.439029,31.30,41.20,100.00,100.00
2026-05-13T10:38:00.694550,41.20,37.50,100.00,100.00
2026-05-13T10:38:00.949246,31.30,41.20,100.00,100.00
2026-05-13T10:38:01.203029,40.00,44.40,100.00,100.00
2026-05-13T10:38:01.457443,31.30,47.10,100.00,100.00
2026-05-13T10:38:01.711969,31.20,44.40,100.00,100.00
2026-05-13T10:38:01.965810,31.30,33.30,100.00,100.00
2026-05-13T10:38:02.220342,37.50,35.30,100.00,100.00
2026-05-13T10:38:02.475514,35.30,44.40,100.00,100.00
2026-05-13T10:38:02.729834,26.70,43.80,100.00,100.00
2026-05-13T10:38:02.983871,31.20,37.50,100.00,100.00
2026-05-13T10:38:03.239382,35.30,42.10,100.00,100.00
2026-05-13T10:38:03.494152,31.30,37.50,100.00,100.00
2026-05-13T10:38:03.749112,35.30,35.30,100.00,100.00
2026-05-13T10:38:04.003929,35.30,44.40,100.00,100.00
2026-05-13T10:38:04.258511,37.50,47.10,100.00,100.00
2026-05-13T10:38:04.513376,33.30,44.40,100.00,100.00
2026-05-13T10:38:04.769431,38.90,42.10,100.00,100.00
2026-05-13T10:38:05.024272,31.30,44.40,100.00,100.00
2026-05-13T10:38:05.278657,42.10,47.10,100.00,100.00
2026-05-13T10:38:05.533519,22.20,18.70,100.00,100.00
2026-05-13T10:38:05.788700,22.20,27.80,100.00,100.00
2026-05-13T10:38:06.042476,27.80,25.00,100.00,100.00
2026-05-13T10:38:06.295937,27.80,29.40,100.00,100.00
2026-05-13T10:38:06.549717,26.30,27.80,100.00,100.00
2026-05-13T10:38:06.803822,22.20,18.80,100.00,100.00
2026-05-13T10:38:07.057822,16.70,26.30,100.00,100.00
2026-05-13T10:38:07.312106,26.30,18.70,100.00,100.00
2026-05-13T10:38:07.566643,17.60,23.50,100.00,100.00
2026-05-13T10:38:07.820565,17.60,12.50,100.00,100.00
2026-05-13T10:38:08.074494,21.10,18.70,100.00,100.00
2026-05-13T10:38:08.328427,22.20,23.50,100.00,100.00
2026-05-13T10:38:08.582480,22.20,23.50,100.00,100.00
2026-05-13T10:38:08.836861,17.60,31.60,100.00,100.00
2026-05-13T10:38:09.090959,22.20,13.30,100.00,100.00
2026-05-13T10:38:09.345049,26.30,22.20,100.00,100.00
2026-05-13T10:38:09.599237,16.70,23.50,100.00,100.00
2026-05-13T10:38:09.853825,26.30,18.80,100.00,100.00
2026-05-13T10:38:10.107614,16.70,17.60,100.00,100.00
2026-05-13T10:38:10.364014,47.40,71.40,100.00,100.00
2026-05-13T10:38:10.692936,81.50,100.00,100.00,100.00
2026-05-13T10:38:10.949154,96.20,100.00,100.00,100.00
2026-05-13T10:38:11.205580,85.70,96.20,100.00,100.00
2026-05-13T10:38:11.460957,91.70,100.00,100.00,100.00
2026-05-13T10:38:11.715146,81.00,100.00,100.00,100.00
2026-05-13T10:38:11.970413,76.20,100.00,100.00,100.00
2026-05-13T10:38:12.226688,91.70,100.00,100.00,100.00
2026-05-13T10:38:12.482528,100.00,100.00,100.00,100.00
2026-05-13T10:38:12.737020,92.00,100.00,100.00,100.00
2026-05-13T10:38:12.991634,91.30,100.00,100.00,100.00
2026-05-13T10:38:13.248085,100.00,100.00,100.00,100.00
2026-05-13T10:38:13.502481,100.00,96.00,100.00,100.00
2026-05-13T10:38:13.756638,91.30,100.00,100.00,100.00
2026-05-13T10:38:14.010697,91.70,100.00,100.00,100.00
2026-05-13T10:38:14.266871,81.80,100.00,100.00,100.00
2026-05-13T10:38:14.521501,85.70,100.00,100.00,100.00
2026-05-13T10:38:14.775693,87.50,96.20,100.00,100.00
2026-05-13T10:38:15.033424,91.30,100.00,100.00,100.00
2026-05-13T10:38:15.288338,87.00,100.00,100.00,100.00
2026-05-13T10:38:15.542738,95.80,100.00,100.00,100.00
2026-05-13T10:38:15.800226,100.00,100.00,100.00,100.00
2026-05-13T10:38:16.054687,100.00,96.30,100.00,100.00
2026-05-13T10:38:16.309028,87.50,100.00,100.00,100.00
2026-05-13T10:38:16.563640,95.80,100.00,100.00,100.00
2026-05-13T10:38:16.818888,91.70,100.00,100.00,100.00
2026-05-13T10:38:17.073550,77.30,100.00,100.00,100.00
2026-05-13T10:38:17.328315,92.00,100.00,100.00,100.00
2026-05-13T10:38:17.582779,91.30,100.00,100.00,100.00
2026-05-13T10:38:17.837430,96.00,100.00,100.00,100.00
2026-05-13T10:38:18.092171,86.40,100.00,100.00,100.00
2026-05-13T10:38:18.350492,81.80,100.00,100.00,100.00
2026-05-13T10:38:18.604453,95.80,100.00,100.00,100.00
2026-05-13T10:38:18.861215,82.60,100.00,100.00,100.00
2026-05-13T10:38:19.115678,95.80,100.00,100.00,100.00
2026-05-13T10:38:19.371508,87.00,100.00,100.00,100.00
2026-05-13T10:38:19.626044,86.40,100.00,100.00,100.00
2026-05-13T10:38:19.880925,92.00,100.00,100.00,100.00
2026-05-13T10:38:20.138028,90.90,100.00,100.00,100.00
2026-05-13T10:38:20.392945,82.60,100.00,100.00,100.00
2026-05-13T10:38:20.648986,82.60,100.00,100.00,100.00
2026-05-13T10:38:20.903477,90.90,100.00,100.00,100.00
2026-05-13T10:38:21.158251,77.30,100.00,100.00,100.00
2026-05-13T10:38:21.414047,81.80,100.00,100.00,100.00
2026-05-13T10:38:21.670037,68.40,100.00,100.00,100.00
2026-05-13T10:38:21.925457,77.30,100.00,100.00,100.00
2026-05-13T10:38:22.182101,95.80,100.00,100.00,100.00
2026-05-13T10:38:22.439871,100.00,100.00,100.00,100.00
2026-05-13T10:38:22.693961,87.50,100.00,100.00,100.00
2026-05-13T10:38:22.948942,81.80,100.00,100.00,100.00
2026-05-13T10:38:23.204572,91.30,100.00,100.00,100.00
2026-05-13T10:38:23.459852,87.00,96.20,100.00,100.00
2026-05-13T10:38:23.715623,75.00,100.00,100.00,100.00
2026-05-13T10:38:23.972988,77.30,100.00,100.00,100.00
2026-05-13T10:38:24.228434,83.30,96.00,100.00,100.00
2026-05-13T10:38:24.483034,91.70,96.00,100.00,100.00
2026-05-13T10:38:24.736950,91.30,100.00,100.00,100.00
2026-05-13T10:38:24.991135,90.90,100.00,100.00,100.00
2026-05-13T10:38:25.246855,95.80,100.00,100.00,100.00
2026-05-13T10:38:25.501787,36.80,52.60,100.00,100.00
2026-05-13T10:38:25.756452,25.00,37.50,100.00,100.00
2026-05-13T10:38:26.077807,27.30,40.00,100.00,100.00
2026-05-13T10:38:26.331797,25.00,17.60,100.00,100.00
2026-05-13T10:38:26.586487,17.60,18.80,100.00,100.00
2026-05-13T10:38:26.840966,26.30,13.30,100.00,100.00
2026-05-13T10:38:27.095041,25.00,12.50,100.00,100.00
2026-05-13T10:38:27.349063,17.60,18.70,100.00,100.00
2026-05-13T10:38:27.603155,25.00,22.20,100.00,100.00
2026-05-13T10:38:27.857598,17.60,17.60,100.00,100.00
2026-05-13T10:38:28.111558,21.10,18.70,100.00,100.00
2026-05-13T10:38:28.366206,25.00,23.50,100.00,100.00
2026-05-13T10:38:28.621122,23.50,25.00,100.00,100.00
2026-05-13T10:38:28.875034,26.30,22.20,100.00,100.00
2026-05-13T10:38:29.129123,16.70,17.60,100.00,100.00
2026-05-13T10:38:29.383911,26.30,13.30,100.00,100.00
2026-05-13T10:38:29.637933,27.80,27.80,100.00,100.00
2026-05-13T10:38:29.892308,21.10,18.70,100.00,100.00
2026-05-13T10:38:30.146423,28.60,22.20,100.00,100.00
2026-05-13T10:38:30.400494,13.60,10.00,100.00,100.00
2026-05-13T10:38:30.654148,8.30,4.50,100.00,100.00
2026-05-13T10:38:30.907535,16.00,4.50,100.00,100.00
2026-05-13T10:38:31.160732,8.70,4.80,100.00,100.00
2026-05-13T10:38:31.413987,19.20,8.70,100.00,100.00
2026-05-13T10:38:31.667253,12.50,4.50,100.00,100.00
2026-05-13T10:38:31.920723,15.40,4.50,100.00,100.00
2026-05-13T10:38:32.174174,16.00,0.00,100.00,100.00
2026-05-13T10:38:32.427562,16.00,8.70,100.00,100.00
2026-05-13T10:38:32.681451,19.20,0.00,100.00,100.00
2026-05-13T10:38:32.934955,16.00,4.50,100.00,100.00
2026-05-13T10:38:33.188260,19.20,8.70,100.00,100.00
2026-05-13T10:38:33.441554,12.50,0.00,100.00,100.00
2026-05-13T10:38:33.695064,15.40,0.00,100.00,100.00
2026-05-13T10:38:33.948442,19.20,4.50,100.00,100.00
2026-05-13T10:38:34.201995,16.00,0.00,100.00,100.00
2026-05-13T10:38:34.455340,16.00,8.70,100.00,100.00
2026-05-13T10:38:34.708589,19.20,4.50,100.00,100.00
2026-05-13T10:38:34.961877,19.20,0.00,100.00,100.00
2026-05-13T10:38:35.215506,12.50,9.10,100.00,100.00
2026-05-13T10:38:35.473501,52.60,63.20,100.00,100.00
2026-05-13T10:38:35.733535,50.00,66.70,100.00,100.00
2026-05-13T10:38:35.991983,58.80,68.40,100.00,100.00
2026-05-13T10:38:36.251537,57.90,63.20,100.00,100.00
2026-05-13T10:38:36.513401,73.70,72.70,100.00,100.00
2026-05-13T10:38:36.770702,55.60,68.40,100.00,100.00
2026-05-13T10:38:37.030447,52.90,63.20,100.00,100.00
2026-05-13T10:38:37.289922,52.90,65.00,100.00,100.00
2026-05-13T10:38:37.546145,57.90,61.10,100.00,100.00
2026-05-13T10:38:37.808378,57.90,65.00,100.00,100.00
2026-05-13T10:38:38.062673,50.00,61.10,100.00,100.00
2026-05-13T10:38:38.321929,61.90,68.40,100.00,100.00
2026-05-13T10:38:38.577843,56.30,68.40,100.00,100.00
2026-05-13T10:38:38.834950,71.40,71.40,100.00,100.00
2026-05-13T10:38:39.093218,66.70,73.70,100.00,100.00
2026-05-13T10:38:39.353490,52.90,70.00,100.00,100.00
2026-05-13T10:38:39.608444,50.00,63.20,100.00,100.00
2026-05-13T10:38:39.864388,50.00,66.70,100.00,100.00
2026-05-13T10:38:40.118369,55.60,68.40,100.00,100.00
2026-05-13T10:38:40.371883,41.70,40.90,100.00,100.00
2026-05-13T10:38:40.625500,22.20,0.00,100.00,100.00
2026-05-13T10:38:40.879708,9.10,13.00,100.00,100.00
2026-05-13T10:38:41.133224,16.00,0.00,100.00,100.00
2026-05-13T10:38:41.386730,13.00,5.00,100.00,100.00
2026-05-13T10:38:41.640486,16.00,4.80,100.00,100.00
2026-05-13T10:38:41.894129,16.70,4.80,100.00,100.00
2026-05-13T10:38:42.148199,8.70,9.50,100.00,100.00
2026-05-13T10:38:42.401824,13.00,0.00,100.00,100.00
2026-05-13T10:38:42.655190,13.00,4.80,100.00,100.00
2026-05-13T10:38:42.910515,22.20,4.80,100.00,100.00
2026-05-13T10:38:43.164751,13.00,9.10,100.00,100.00
2026-05-13T10:38:43.418679,9.10,0.00,100.00,100.00
2026-05-13T10:38:43.674131,19.20,0.00,100.00,100.00
2026-05-13T10:38:43.928191,16.70,4.80,100.00,100.00
2026-05-13T10:38:44.181724,19.20,4.80,100.00,100.00
2026-05-13T10:38:44.435051,16.70,5.00,100.00,100.00
2026-05-13T10:38:44.688707,16.70,0.00,100.00,100.00
2026-05-13T10:38:44.943465,16.70,4.80,100.00,100.00
2026-05-13T10:38:45.198492,25.00,14.30,100.00,100.00
2026-05-13T10:38:45.452612,26.30,13.30,100.00,100.00
2026-05-13T10:38:45.708000,31.60,29.40,100.00,100.00
2026-05-13T10:38:45.962893,23.50,25.00,100.00,100.00
2026-05-13T10:38:46.217977,31.60,33.30,100.00,100.00
2026-05-13T10:38:46.473046,23.50,31.30,100.00,100.00
2026-05-13T10:38:46.728075,29.40,35.30,100.00,100.00
2026-05-13T10:38:46.986837,31.60,35.30,100.00,100.00
2026-05-13T10:38:47.244008,38.90,25.00,100.00,100.00
2026-05-13T10:38:47.499687,35.30,37.50,100.00,100.00
2026-05-13T10:38:47.755829,29.40,33.30,100.00,100.00
2026-05-13T10:38:48.010176,27.80,26.70,100.00,100.00
2026-05-13T10:38:48.265794,29.40,31.60,100.00,100.00
2026-05-13T10:38:48.521485,18.80,25.00,100.00,100.00
2026-05-13T10:38:48.776561,27.80,23.50,100.00,100.00
2026-05-13T10:38:49.035533,17.60,29.40,100.00,100.00
2026-05-13T10:38:49.290942,27.80,29.40,100.00,100.00
2026-05-13T10:38:49.546903,25.00,18.70,100.00,100.00
2026-05-13T10:38:49.802834,27.80,20.00,100.00,100.00
2026-05-13T10:38:50.058747,23.50,29.40,100.00,100.00
2026-05-13T10:38:50.313252,25.00,17.60,100.00,100.00
2026-05-13T10:38:50.567989,15.00,10.50,100.00,100.00
2026-05-13T10:38:50.822151,17.40,10.00,100.00,100.00
2026-05-13T10:38:51.076420,9.50,5.60,100.00,100.00
2026-05-13T10:38:51.331265,17.40,0.00,100.00,100.00
2026-05-13T10:38:51.587173,9.50,10.50,100.00,100.00
2026-05-13T10:38:51.842464,21.70,10.00,100.00,100.00
2026-05-13T10:38:52.096602,13.60,10.00,100.00,100.00
2026-05-13T10:38:52.350952,9.50,5.60,100.00,100.00
2026-05-13T10:38:52.604705,14.30,5.30,100.00,100.00
2026-05-13T10:38:52.859371,17.40,15.00,100.00,100.00
2026-05-13T10:38:53.113606,10.00,5.60,100.00,100.00
2026-05-13T10:38:53.368467,14.30,5.30,100.00,100.00
2026-05-13T10:38:53.622861,18.20,10.50,100.00,100.00
2026-05-13T10:38:53.877577,14.30,5.60,100.00,100.00
2026-05-13T10:38:54.131658,14.30,5.60,100.00,100.00
2026-05-13T10:38:54.384840,17.40,10.50,100.00,100.00
2026-05-13T10:38:54.638131,13.60,5.30,100.00,100.00
2026-05-13T10:38:54.891980,14.30,5.60,100.00,100.00
2026-05-13T10:38:55.145559,17.40,10.00,100.00,100.00
2026-05-13T10:38:55.402297,57.10,72.70,100.00,100.00
2026-05-13T10:38:55.732716,81.50,97.00,100.00,100.00
2026-05-13T10:38:55.987888,81.80,100.00,100.00,100.00
2026-05-13T10:38:56.242686,85.70,100.00,100.00,100.00
2026-05-13T10:38:56.498689,76.20,100.00,100.00,100.00
2026-05-13T10:38:56.754549,70.00,100.00,100.00,100.00
2026-05-13T10:38:57.009624,73.90,100.00,100.00,100.00
2026-05-13T10:38:57.265591,73.70,96.20,100.00,100.00
2026-05-13T10:38:57.520630,66.70,100.00,100.00,100.00
2026-05-13T10:38:57.775547,65.00,100.00,100.00,100.00
2026-05-13T10:38:58.030052,77.30,100.00,100.00,100.00
2026-05-13T10:38:58.284461,87.00,100.00,100.00,100.00
2026-05-13T10:38:58.539725,76.20,100.00,100.00,100.00
2026-05-13T10:38:58.795647,77.30,96.00,100.00,100.00
2026-05-13T10:38:59.051200,81.00,96.00,100.00,100.00
2026-05-13T10:38:59.306725,80.00,100.00,100.00,100.00
2026-05-13T10:38:59.561241,57.90,100.00,100.00,100.00
2026-05-13T10:38:59.816818,77.30,100.00,100.00,100.00
2026-05-13T10:39:00.072151,80.00,96.20,100.00,100.00
2026-05-13T10:39:00.325826,52.20,63.60,100.00,100.00
2026-05-13T10:39:00.639072,14.30,24.10,100.00,100.00
2026-05-13T10:39:00.892691,16.70,4.80,100.00,100.00
2026-05-13T10:39:01.146011,19.20,4.80,100.00,100.00
2026-05-13T10:39:01.399333,16.00,4.80,100.00,100.00
2026-05-13T10:39:01.652755,12.50,0.00,100.00,100.00
2026-05-13T10:39:01.906066,19.20,4.80,100.00,100.00
2026-05-13T10:39:02.159471,19.20,13.00,100.00,100.00
2026-05-13T10:39:02.412839,13.00,4.80,100.00,100.00
2026-05-13T10:39:02.666387,19.20,9.10,100.00,100.00
2026-05-13T10:39:02.920126,16.00,0.00,100.00,100.00
2026-05-13T10:39:03.173477,12.50,13.00,100.00,100.00
2026-05-13T10:39:03.427156,22.20,4.80,100.00,100.00
2026-05-13T10:39:03.680791,8.70,9.10,100.00,100.00
2026-05-13T10:39:03.934483,19.20,4.80,100.00,100.00
2026-05-13T10:39:04.187990,19.20,0.00,100.00,100.00
2026-05-13T10:39:04.441423,20.00,13.60,100.00,100.00
2026-05-13T10:39:04.695161,22.20,4.80,100.00,100.00
2026-05-13T10:39:04.949072,12.50,12.50,100.00,100.00
2026-05-13T10:39:05.202840,20.00,5.00,100.00,100.00
2026-05-13T10:39:05.456552,13.60,5.00,100.00,100.00
2026-05-13T10:39:05.710287,17.40,10.00,100.00,100.00
2026-05-13T10:39:05.963845,20.00,5.30,100.00,100.00
2026-05-13T10:39:06.217210,9.50,9.50,100.00,100.00
2026-05-13T10:39:06.471924,17.40,10.00,100.00,100.00
2026-05-13T10:39:06.725497,17.40,5.30,100.00,100.00
2026-05-13T10:39:06.979203,9.50,9.50,100.00,100.00
2026-05-13T10:39:07.233229,16.70,9.50,100.00,100.00
2026-05-13T10:39:07.486838,16.70,5.30,100.00,100.00
2026-05-13T10:39:07.740574,20.80,5.00,100.00,100.00
2026-05-13T10:39:07.993958,20.80,9.50,100.00,100.00
2026-05-13T10:39:08.247889,20.00,5.00,100.00,100.00
2026-05-13T10:39:08.501247,17.40,14.30,100.00,100.00
2026-05-13T10:39:08.754901,16.70,0.00,100.00,100.00
2026-05-13T10:39:09.008427,13.60,10.00,100.00,100.00
2026-05-13T10:39:09.261837,23.10,9.50,100.00,100.00
2026-05-13T10:39:09.515362,20.80,0.00,100.00,100.00
2026-05-13T10:39:09.768978,20.80,10.00,100.00,100.00
2026-05-13T10:39:10.022758,13.00,5.00,100.00,100.00
2026-05-13T10:39:10.276588,29.20,23.80,100.00,100.00
2026-05-13T10:39:10.531283,65.00,86.40,100.00,100.00
2026-05-13T10:39:10.844687,76.90,93.10,100.00,100.00
2026-05-13T10:39:11.100498,60.00,91.70,100.00,100.00
2026-05-13T10:39:11.355544,57.90,91.70,100.00,100.00
2026-05-13T10:39:11.610473,57.90,95.80,100.00,100.00
2026-05-13T10:39:11.865442,57.90,96.00,100.00,100.00
2026-05-13T10:39:12.119726,52.60,92.00,100.00,100.00
2026-05-13T10:39:12.375037,65.00,91.30,100.00,100.00
2026-05-13T10:39:12.631737,52.60,91.70,100.00,100.00
2026-05-13T10:39:12.885715,61.10,92.00,100.00,100.00
2026-05-13T10:39:13.140087,55.00,95.50,100.00,100.00
2026-05-13T10:39:13.395859,63.20,87.50,100.00,100.00
2026-05-13T10:39:13.650983,65.20,91.30,100.00,100.00
2026-05-13T10:39:13.905550,65.00,95.80,100.00,100.00
2026-05-13T10:39:14.161848,50.00,96.00,100.00,100.00
2026-05-13T10:39:14.416985,55.00,96.00,100.00,100.00
2026-05-13T10:39:14.670590,60.00,91.70,100.00,100.00
2026-05-13T10:39:14.926925,55.00,95.80,100.00,100.00
2026-05-13T10:39:15.181629,57.90,96.00,100.00,100.00
2026-05-13T10:39:15.486838,31.00,29.60,100.00,100.00
2026-05-13T10:39:15.740240,18.50,8.30,100.00,100.00
2026-05-13T10:39:15.993774,16.00,0.00,100.00,100.00
2026-05-13T10:39:16.247113,12.00,4.30,100.00,100.00
2026-05-13T10:39:16.500766,15.40,4.50,100.00,100.00
2026-05-13T10:39:16.754160,15.40,8.70,100.00,100.00
2026-05-13T10:39:17.007400,19.20,0.00,100.00,100.00
2026-05-13T10:39:17.260570,12.00,4.30,100.00,100.00
2026-05-13T10:39:17.513806,12.00,0.00,100.00,100.00
2026-05-13T10:39:17.767245,11.50,4.30,100.00,100.00
2026-05-13T10:39:18.020541,8.30,8.30,100.00,100.00
2026-05-13T10:39:18.273941,15.40,4.50,100.00,100.00
2026-05-13T10:39:18.527370,12.50,4.30,100.00,100.00
2026-05-13T10:39:18.781024,15.40,0.00,100.00,100.00
2026-05-13T10:39:19.034619,18.50,4.50,100.00,100.00
2026-05-13T10:39:19.287936,15.40,4.30,100.00,100.00
2026-05-13T10:39:19.541406,18.50,4.30,100.00,100.00
2026-05-13T10:39:19.794560,18.50,0.00,100.00,100.00
2026-05-13T10:39:20.048202,15.40,4.30,100.00,100.00
2026-05-13T10:39:20.304265,20.80,14.30,100.00,100.00
2026-05-13T10:39:20.559945,37.50,55.60,100.00,100.00
2026-05-13T10:39:20.815571,35.30,47.40,100.00,100.00
2026-05-13T10:39:21.070030,35.30,41.20,100.00,100.00
2026-05-13T10:39:21.324129,35.30,47.10,100.00,100.00
2026-05-13T10:39:21.578231,25.00,41.20,100.00,100.00
2026-05-13T10:39:21.832150,33.30,43.80,100.00,100.00
2026-05-13T10:39:22.086771,40.00,47.10,100.00,100.00
2026-05-13T10:39:22.341137,31.20,47.10,100.00,100.00
2026-05-13T10:39:22.595381,26.70,47.10,100.00,100.00
2026-05-13T10:39:22.850663,35.30,50.00,100.00,100.00
2026-05-13T10:39:23.104819,36.80,40.00,100.00,100.00
2026-05-13T10:39:23.359294,26.70,41.20,100.00,100.00
2026-05-13T10:39:23.615365,38.90,35.30,100.00,100.00
2026-05-13T10:39:23.870624,31.20,47.10,100.00,100.00
2026-05-13T10:39:24.125645,21.40,37.50,100.00,100.00
2026-05-13T10:39:24.380769,35.30,37.50,100.00,100.00
2026-05-13T10:39:24.636161,29.40,41.20,100.00,100.00
2026-05-13T10:39:24.891704,31.30,44.40,100.00,100.00
2026-05-13T10:39:25.146688,31.30,44.40,100.00,100.00
2026-05-13T10:39:25.400661,28.60,17.60,100.00,100.00
2026-05-13T10:39:25.654153,18.20,5.30,100.00,100.00
2026-05-13T10:39:25.907761,17.40,10.00,100.00,100.00
2026-05-13T10:39:26.161500,13.60,5.30,100.00,100.00
2026-05-13T10:39:26.414932,14.30,10.50,100.00,100.00
2026-05-13T10:39:26.668527,9.50,10.00,100.00,100.00
2026-05-13T10:39:26.922163,21.70,5.30,100.00,100.00
2026-05-13T10:39:27.175986,9.50,10.00,100.00,100.00
2026-05-13T10:39:27.429350,14.30,0.00,100.00,100.00
2026-05-13T10:39:27.682885,17.40,0.00,100.00,100.00
2026-05-13T10:39:27.936726,13.60,10.00,100.00,100.00
2026-05-13T10:39:28.190544,10.00,5.30,100.00,100.00
2026-05-13T10:39:28.444109,10.00,10.50,100.00,100.00
2026-05-13T10:39:28.697816,17.40,5.60,100.00,100.00
2026-05-13T10:39:28.951382,5.30,10.00,100.00,100.00
2026-05-13T10:39:29.205052,17.40,5.30,100.00,100.00
2026-05-13T10:39:29.458973,9.50,5.60,100.00,100.00
2026-05-13T10:39:29.712726,18.20,10.00,100.00,100.00
2026-05-13T10:39:29.966447,13.60,0.00,100.00,100.00
2026-05-13T10:39:30.219924,10.00,5.30,100.00,100.00
2026-05-13T10:39:30.530675,75.00,93.30,100.00,100.00
2026-05-13T10:39:30.784582,78.30,100.00,100.00,100.00
2026-05-13T10:39:31.040994,75.00,96.00,100.00,100.00
2026-05-13T10:39:31.296870,84.00,96.00,100.00,100.00
2026-05-13T10:39:31.551987,75.00,100.00,100.00,100.00
2026-05-13T10:39:31.806757,76.20,100.00,100.00,100.00
2026-05-13T10:39:32.062472,63.20,100.00,100.00,100.00
2026-05-13T10:39:32.316630,66.70,100.00,100.00,100.00
2026-05-13T10:39:32.571599,71.40,100.00,100.00,100.00
2026-05-13T10:39:32.826114,57.90,100.00,100.00,100.00
2026-05-13T10:39:33.081075,68.40,100.00,100.00,100.00
2026-05-13T10:39:33.335403,60.00,100.00,100.00,100.00
2026-05-13T10:39:33.590182,81.80,100.00,100.00,100.00
2026-05-13T10:39:33.844827,78.30,96.20,100.00,100.00
2026-05-13T10:39:34.099152,71.40,100.00,100.00,100.00
2026-05-13T10:39:34.355652,63.20,100.00,100.00,100.00
2026-05-13T10:39:34.610825,55.60,100.00,100.00,100.00
2026-05-13T10:39:34.864948,68.40,100.00,100.00,100.00
2026-05-13T10:39:35.120539,87.50,100.00,100.00,100.00
2026-05-13T10:39:35.376359,87.00,100.00,100.00,100.00
2026-05-13T10:39:35.630852,33.30,55.00,100.00,100.00
2026-05-13T10:39:35.941841,33.30,22.70,100.00,100.00
2026-05-13T10:39:36.195828,21.10,16.70,100.00,100.00
2026-05-13T10:39:36.449535,20.00,12.50,100.00,100.00
2026-05-13T10:39:36.703387,15.80,11.80,100.00,100.00
2026-05-13T10:39:36.957150,11.80,11.80,100.00,100.00
2026-05-13T10:39:37.211161,20.00,16.70,100.00,100.00
2026-05-13T10:39:37.464908,20.00,6.70,100.00,100.00
2026-05-13T10:39:37.718473,20.00,11.80,100.00,100.00
2026-05-13T10:39:37.972307,15.80,11.80,100.00,100.00
2026-05-13T10:39:38.226517,23.80,17.60,100.00,100.00
2026-05-13T10:39:38.480482,16.70,27.80,100.00,100.00
2026-05-13T10:39:38.733998,16.70,11.80,100.00,100.00
2026-05-13T10:39:38.987526,15.80,11.80,100.00,100.00
2026-05-13T10:39:39.241494,15.80,6.30,100.00,100.00
2026-05-13T10:39:39.495250,20.00,16.70,100.00,100.00
2026-05-13T10:39:39.750656,25.00,12.50,100.00,100.00
2026-05-13T10:39:40.004310,11.10,11.80,100.00,100.00
2026-05-13T10:39:40.261903,25.00,25.00,100.00,100.00
2026-05-13T10:39:40.517906,61.10,68.40,100.00,100.00
2026-05-13T10:39:40.773541,58.80,70.00,100.00,100.00
2026-05-13T10:39:41.030982,63.20,64.70,100.00,100.00
2026-05-13T10:39:41.285634,55.60,70.00,100.00,100.00
2026-05-13T10:39:41.541222,55.60,66.70,100.00,100.00
2026-05-13T10:39:41.798221,68.40,81.80,100.00,100.00
2026-05-13T10:39:42.056218,73.70,80.00,100.00,100.00
2026-05-13T10:39:42.312145,58.80,76.20,100.00,100.00
2026-05-13T10:39:42.568254,55.60,70.00,100.00,100.00
2026-05-13T10:39:42.824649,64.70,79.20,100.00,100.00
2026-05-13T10:39:43.079828,66.70,81.00,100.00,100.00
2026-05-13T10:39:43.336861,55.60,75.00,100.00,100.00
2026-05-13T10:39:43.592767,52.90,65.00,100.00,100.00
2026-05-13T10:39:43.847801,57.90,73.70,100.00,100.00
2026-05-13T10:39:44.102739,50.00,66.70,100.00,100.00
2026-05-13T10:39:44.358024,52.90,70.00,100.00,100.00
2026-05-13T10:39:44.612463,57.90,68.20,100.00,100.00
2026-05-13T10:39:44.866681,57.90,66.70,100.00,100.00
2026-05-13T10:39:45.122240,58.80,70.00,100.00,100.00
2026-05-13T10:39:45.377480,63.20,70.00,100.00,100.00
2026-05-13T10:39:45.633188,57.90,71.40,100.00,100.00
2026-05-13T10:39:45.890757,57.90,68.40,100.00,100.00
2026-05-13T10:39:46.145984,61.10,70.00,100.00,100.00
2026-05-13T10:39:46.402517,61.10,68.20,100.00,100.00
2026-05-13T10:39:46.658621,61.10,70.00,100.00,100.00
2026-05-13T10:39:46.912282,52.90,70.00,100.00,100.00
2026-05-13T10:39:47.166930,50.00,73.70,100.00,100.00
2026-05-13T10:39:47.421957,60.00,70.00,100.00,100.00
2026-05-13T10:39:47.675990,58.80,77.30,100.00,100.00
2026-05-13T10:39:47.930914,55.60,75.00,100.00,100.00
2026-05-13T10:39:48.184932,57.90,65.00,100.00,100.00
2026-05-13T10:39:48.439938,61.10,70.00,100.00,100.00
2026-05-13T10:39:48.696615,57.90,71.40,100.00,100.00
2026-05-13T10:39:48.952882,52.90,70.00,100.00,100.00
2026-05-13T10:39:49.209042,57.90,68.40,100.00,100.00
2026-05-13T10:39:49.463524,61.10,71.40,100.00,100.00
2026-05-13T10:39:49.718038,50.00,71.40,100.00,100.00
2026-05-13T10:39:49.974684,57.90,71.40,100.00,100.00
2026-05-13T10:39:50.229425,58.80,68.40,100.00,100.00
2026-05-13T10:39:50.484400,29.40,31.20,100.00,100.00
2026-05-13T10:39:50.738772,29.40,35.30,100.00,100.00
2026-05-13T10:39:50.993654,26.70,37.50,100.00,100.00
2026-05-13T10:39:51.248065,25.00,31.20,100.00,100.00
2026-05-13T10:39:51.503391,35.30,26.70,100.00,100.00
2026-05-13T10:39:51.758670,29.40,41.20,100.00,100.00
2026-05-13T10:39:52.012602,31.30,35.30,100.00,100.00
2026-05-13T10:39:52.267012,25.00,38.90,100.00,100.00
2026-05-13T10:39:52.520980,41.20,40.00,100.00,100.00
2026-05-13T10:39:52.774974,25.00,38.90,100.00,100.00
2026-05-13T10:39:53.028786,29.40,37.50,100.00,100.00
2026-05-13T10:39:53.283620,31.30,29.40,100.00,100.00
2026-05-13T10:39:53.537530,20.00,26.70,100.00,100.00
2026-05-13T10:39:53.792199,33.30,44.40,100.00,100.00
2026-05-13T10:39:54.046659,29.40,21.40,100.00,100.00
2026-05-13T10:39:54.301156,26.70,31.20,100.00,100.00
2026-05-13T10:39:54.555575,29.40,44.40,100.00,100.00
2026-05-13T10:39:54.810069,29.40,33.30,100.00,100.00
2026-05-13T10:39:55.064636,26.70,35.30,100.00,100.00
2026-05-13T10:39:55.319642,38.90,47.10,100.00,100.00
2026-05-13T10:39:55.573699,37.50,52.60,100.00,100.00
2026-05-13T10:39:55.828003,50.00,52.90,100.00,100.00
2026-05-13T10:39:56.082759,52.60,56.20,100.00,100.00
2026-05-13T10:39:56.336917,37.50,43.70,100.00,100.00
2026-05-13T10:39:56.590917,41.20,43.80,100.00,100.00
2026-05-13T10:39:56.844951,43.70,47.10,100.00,100.00
2026-05-13T10:39:57.101076,41.20,52.90,100.00,100.00
2026-05-13T10:39:57.356108,47.10,55.60,100.00,100.00
2026-05-13T10:39:57.612252,40.00,52.90,100.00,100.00
2026-05-13T10:39:57.868457,41.20,55.60,100.00,100.00
2026-05-13T10:39:58.123488,41.20,52.90,100.00,100.00
2026-05-13T10:39:58.377702,47.10,52.90,100.00,100.00
2026-05-13T10:39:58.632722,37.50,57.90,100.00,100.00
2026-05-13T10:39:58.888279,35.30,50.00,100.00,100.00
2026-05-13T10:39:59.142074,35.30,50.00,100.00,100.00
2026-05-13T10:39:59.396705,44.40,50.00,100.00,100.00
2026-05-13T10:39:59.651133,37.50,55.60,100.00,100.00
2026-05-13T10:39:59.906171,44.40,50.00,100.00,100.00
2026-05-13T10:40:00.161104,28.60,50.00,100.00,100.00
2026-05-13T10:40:00.415485,26.30,29.40,100.00,100.00
2026-05-13T10:40:00.669851,17.60,17.60,100.00,100.00
2026-05-13T10:40:00.923652,16.70,17.60,100.00,100.00
2026-05-13T10:40:01.177920,25.00,13.30,100.00,100.00
2026-05-13T10:40:01.431762,16.70,12.50,100.00,100.00
2026-05-13T10:40:01.685399,21.10,26.30,100.00,100.00
2026-05-13T10:40:01.939673,21.10,17.60,100.00,100.00
2026-05-13T10:40:02.193663,16.70,17.60,100.00,100.00
2026-05-13T10:40:02.448772,26.30,23.50,100.00,100.00
2026-05-13T10:40:02.703387,21.10,22.20,100.00,100.00
2026-05-13T10:40:02.957312,23.50,18.70,100.00,100.00
2026-05-13T10:40:03.211410,16.70,17.60,100.00,100.00
2026-05-13T10:40:03.465324,21.10,17.60,100.00,100.00
2026-05-13T10:40:03.719438,28.60,17.60,100.00,100.00
2026-05-13T10:40:03.973583,11.80,22.20,100.00,100.00
2026-05-13T10:40:04.227871,21.10,6.70,100.00,100.00
2026-05-13T10:40:04.481957,26.30,31.60,100.00,100.00
2026-05-13T10:40:04.736956,16.70,12.50,100.00,100.00
2026-05-13T10:40:04.990353,21.10,12.50,100.00,100.00
2026-05-13T10:40:05.245678,17.60,18.80,100.00,100.00
2026-05-13T10:40:05.501764,71.40,78.30,100.00,100.00
2026-05-13T10:40:05.760717,66.70,77.30,100.00,100.00
2026-05-13T10:40:06.016725,66.70,73.70,100.00,100.00
2026-05-13T10:40:06.271356,72.20,81.00,100.00,100.00
2026-05-13T10:40:06.525998,73.70,83.30,100.00,100.00
2026-05-13T10:40:06.782512,61.10,80.00,100.00,100.00
2026-05-13T10:40:07.038167,68.40,79.20,100.00,100.00
2026-05-13T10:40:07.295709,61.10,80.00,100.00,100.00
2026-05-13T10:40:07.553219,61.10,73.70,100.00,100.00
2026-05-13T10:40:07.807787,61.10,77.30,100.00,100.00
2026-05-13T10:40:08.063862,61.10,85.70,100.00,100.00
2026-05-13T10:40:08.320557,63.20,77.30,100.00,100.00
2026-05-13T10:40:08.575058,75.00,87.00,100.00,100.00
2026-05-13T10:40:08.831363,68.40,80.00,100.00,100.00
2026-05-13T10:40:09.155189,78.60,90.30,100.00,100.00
2026-05-13T10:40:09.409553,63.20,86.40,100.00,100.00
2026-05-13T10:40:09.665728,57.90,91.70,100.00,100.00
2026-05-13T10:40:09.921383,68.40,87.00,100.00,100.00
2026-05-13T10:40:10.177994,57.90,87.50,100.00,100.00
2026-05-13T10:40:10.432571,33.30,41.20,100.00,100.00
2026-05-13T10:40:12.012878,32.50,35.20,100.00,100.00
2026-05-13T10:40:12.267234,22.20,29.40,100.00,100.00
2026-05-13T10:40:12.523036,26.30,36.80,100.00,100.00
2026-05-13T10:40:12.778501,53.30,100.00,100.00,100.00
2026-05-13T10:40:13.033750,60.00,73.70,100.00,100.00
2026-05-13T10:40:13.288033,50.00,57.90,100.00,100.00
2026-05-13T10:40:13.542885,18.70,29.40,100.00,100.00
2026-05-13T10:40:13.796725,23.50,29.40,100.00,100.00
2026-05-13T10:40:14.050244,17.60,29.40,100.00,100.00
2026-05-13T10:40:14.304123,23.50,20.00,100.00,100.00
2026-05-13T10:40:14.557837,25.00,27.80,100.00,100.00
2026-05-13T10:40:14.812122,26.30,26.70,100.00,100.00
2026-05-13T10:40:15.066593,27.80,18.80,100.00,100.00
2026-05-13T10:40:15.320463,31.60,33.30,100.00,100.00
2026-05-13T10:40:15.574395,26.70,43.80,100.00,100.00
2026-05-13T10:40:15.828972,35.30,33.30,100.00,100.00
2026-05-13T10:40:16.084038,29.40,41.20,100.00,100.00
2026-05-13T10:40:16.339197,31.30,35.30,100.00,100.00
2026-05-13T10:40:16.593959,38.90,47.10,100.00,100.00
2026-05-13T10:40:16.849161,35.30,35.30,100.00,100.00
2026-05-13T10:40:17.103366,31.30,41.20,100.00,100.00
2026-05-13T10:40:17.357882,29.40,37.50,100.00,100.00
2026-05-13T10:40:17.613166,37.50,41.20,100.00,100.00
2026-05-13T10:40:17.867183,31.30,41.20,100.00,100.00
2026-05-13T10:40:18.121690,37.50,35.30,100.00,100.00
2026-05-13T10:40:18.376688,31.30,41.20,100.00,100.00
2026-05-13T10:40:18.630679,33.30,40.00,100.00,100.00
2026-05-13T10:40:18.885737,29.40,41.20,100.00,100.00
2026-05-13T10:40:19.141104,31.30,31.20,100.00,100.00
2026-05-13T10:40:19.396460,31.20,37.50,100.00,100.00
2026-05-13T10:40:19.651940,42.10,41.20,100.00,100.00
2026-05-13T10:40:19.906663,26.70,47.10,100.00,100.00
2026-05-13T10:40:20.161200,29.40,37.50,100.00,100.00
2026-05-13T10:40:20.415908,31.60,29.40,100.00,100.00
2026-05-13T10:40:20.669888,21.10,17.60,100.00,100.00
2026-05-13T10:40:20.923787,21.10,17.60,100.00,100.00
2026-05-13T10:40:21.177615,12.50,18.70,100.00,100.00
2026-05-13T10:40:21.431915,21.10,6.70,100.00,100.00
2026-05-13T10:40:21.685792,21.10,22.20,100.00,100.00
2026-05-13T10:40:21.939885,17.60,12.50,100.00,100.00
2026-05-13T10:40:22.193807,21.10,17.60,100.00,100.00
2026-05-13T10:40:22.447885,31.60,25.00,100.00,100.00
2026-05-13T10:40:22.701487,21.10,23.50,100.00,100.00
2026-05-13T10:40:22.955638,12.50,22.20,100.00,100.00
2026-05-13T10:40:23.209440,16.70,18.70,100.00,100.00
2026-05-13T10:40:23.463197,16.70,12.50,100.00,100.00
2026-05-13T10:40:23.717481,11.80,13.30,100.00,100.00
2026-05-13T10:40:23.971619,28.60,12.50,100.00,100.00
2026-05-13T10:40:24.225548,11.80,22.20,100.00,100.00
2026-05-13T10:40:24.479656,22.20,23.50,100.00,100.00
2026-05-13T10:40:24.733849,26.30,22.20,100.00,100.00
2026-05-13T10:40:24.987918,11.80,12.50,100.00,100.00
2026-05-13T10:40:25.241463,21.10,22.20,100.00,100.00
2026-05-13T10:40:25.494925,13.60,5.30,100.00,100.00
2026-05-13T10:40:25.748537,13.60,5.30,100.00,100.00
2026-05-13T10:40:26.002310,20.00,0.00,100.00,100.00
2026-05-13T10:40:26.255797,13.60,9.50,100.00,100.00
2026-05-13T10:40:26.509465,13.00,0.00,100.00,100.00
2026-05-13T10:40:26.763865,9.50,10.00,100.00,100.00
2026-05-13T10:40:27.017397,18.20,5.30,100.00,100.00
2026-05-13T10:40:27.270744,9.10,5.00,100.00,100.00
2026-05-13T10:40:27.524748,20.80,0.00,100.00,100.00
2026-05-13T10:40:27.777913,9.10,13.60,100.00,100.00
2026-05-13T10:40:28.031249,17.40,0.00,100.00,100.00
2026-05-13T10:40:28.284993,9.10,5.30,100.00,100.00
2026-05-13T10:40:28.538468,13.60,9.50,100.00,100.00
2026-05-13T10:40:28.792252,16.70,5.30,100.00,100.00
2026-05-13T10:40:29.045828,17.40,5.00,100.00,100.00
2026-05-13T10:40:29.299497,13.00,10.00,100.00,100.00
2026-05-13T10:40:29.553042,13.60,0.00,100.00,100.00
2026-05-13T10:40:29.806570,9.50,10.00,100.00,100.00
2026-05-13T10:40:30.060063,13.00,5.00,100.00,100.00
2026-05-13T10:40:30.318917,30.40,35.00,100.00,100.00
2026-05-13T10:40:30.573763,68.40,87.50,100.00,100.00
2026-05-13T10:40:30.828003,64.70,81.80,100.00,100.00
2026-05-13T10:40:31.083479,70.00,81.00,100.00,100.00
2026-05-13T10:40:31.338446,57.90,81.80,100.00,100.00
2026-05-13T10:40:31.592329,63.20,85.70,100.00,100.00
2026-05-13T10:40:31.848435,58.80,85.70,100.00,100.00
2026-05-13T10:40:32.102815,63.20,80.00,100.00,100.00
2026-05-13T10:40:32.358506,63.20,75.00,100.00,100.00
2026-05-13T10:40:32.613854,65.00,81.00,100.00,100.00
2026-05-13T10:40:32.869079,63.20,81.80,100.00,100.00
2026-05-13T10:40:33.127449,64.70,78.90,100.00,100.00
2026-05-13T10:40:33.382616,63.20,81.00,100.00,100.00
2026-05-13T10:40:33.639539,64.70,80.00,100.00,100.00
2026-05-13T10:40:33.895562,63.20,82.60,100.00,100.00
2026-05-13T10:40:34.151514,63.20,80.00,100.00,100.00
2026-05-13T10:40:34.406742,75.00,81.00,100.00,100.00
2026-05-13T10:40:34.661559,65.00,81.00,100.00,100.00
2026-05-13T10:40:34.988253,82.10,93.30,100.00,100.00
2026-05-13T10:40:35.243449,76.20,91.70,100.00,100.00
2026-05-13T10:40:35.499927,58.80,68.40,100.00,100.00
2026-05-13T10:40:35.759058,60.00,71.40,100.00,100.00
2026-05-13T10:40:36.014717,43.70,56.20,100.00,100.00
2026-05-13T10:40:36.268657,47.10,60.00,100.00,100.00
2026-05-13T10:40:36.522722,46.70,56.20,100.00,100.00
2026-05-13T10:40:36.777536,47.40,57.90,100.00,100.00
2026-05-13T10:40:37.032616,43.70,52.90,100.00,100.00
2026-05-13T10:40:37.287083,43.80,50.00,100.00,100.00
2026-05-13T10:40:37.541903,44.40,52.90,100.00,100.00
2026-05-13T10:40:37.798442,43.80,63.20,100.00,100.00
2026-05-13T10:40:38.054068,61.10,65.00,100.00,100.00
2026-05-13T10:40:38.308975,58.80,68.40,100.00,100.00
2026-05-13T10:40:38.565903,63.20,75.00,100.00,100.00
2026-05-13T10:40:38.820173,55.60,73.70,100.00,100.00
2026-05-13T10:40:39.074746,61.10,71.40,100.00,100.00
2026-05-13T10:40:39.330805,68.40,77.30,100.00,100.00
2026-05-13T10:40:39.586600,58.80,64.70,100.00,100.00
2026-05-13T10:40:39.841681,58.80,70.00,100.00,100.00
2026-05-13T10:40:40.096659,52.90,71.40,100.00,100.00
2026-05-13T10:40:40.353068,77.30,81.00,100.00,100.00
2026-05-13T10:40:40.609692,91.30,92.00,100.00,100.00
2026-05-13T10:40:40.865434,85.70,96.20,100.00,100.00
2026-05-13T10:40:41.121260,78.30,100.00,100.00,100.00
2026-05-13T10:40:41.378947,85.00,100.00,100.00,100.00
2026-05-13T10:40:41.634473,77.30,100.00,100.00,100.00
2026-05-13T10:40:41.889519,81.00,96.20,100.00,100.00
2026-05-13T10:40:42.145641,78.30,100.00,100.00,100.00
2026-05-13T10:40:42.400984,78.90,100.00,100.00,100.00
2026-05-13T10:40:42.655240,87.00,96.00,100.00,100.00
2026-05-13T10:40:42.911532,81.00,100.00,100.00,100.00
2026-05-13T10:40:43.165652,76.20,95.80,100.00,100.00
2026-05-13T10:40:43.421170,61.10,91.70,100.00,100.00
2026-05-13T10:40:43.676366,63.20,100.00,100.00,100.00
2026-05-13T10:40:43.930562,68.20,96.20,100.00,100.00
2026-05-13T10:40:44.188135,85.70,100.00,100.00,100.00
2026-05-13T10:40:44.442917,87.00,92.00,100.00,100.00
2026-05-13T10:40:44.698293,70.00,96.20,100.00,100.00
2026-05-13T10:40:44.953470,65.00,95.80,100.00,100.00
2026-05-13T10:40:45.208565,63.20,96.20,100.00,100.00
2026-05-13T10:40:45.465056,87.50,100.00,100.00,100.00
2026-05-13T10:40:45.721071,81.00,100.00,100.00,100.00
2026-05-13T10:40:45.977213,81.00,100.00,100.00,100.00
2026-05-13T10:40:46.233272,91.70,100.00,100.00,100.00
2026-05-13T10:40:46.489224,100.00,100.00,100.00,100.00
2026-05-13T10:40:46.745305,91.70,96.40,100.00,100.00
2026-05-13T10:40:47.000585,91.30,100.00,100.00,100.00
2026-05-13T10:40:47.256728,85.70,100.00,100.00,100.00
2026-05-13T10:40:47.512705,86.40,100.00,100.00,100.00
2026-05-13T10:40:47.776124,92.60,100.00,100.00,100.00
2026-05-13T10:40:48.031720,100.00,100.00,100.00,100.00
2026-05-13T10:40:48.289578,100.00,100.00,100.00,100.00
2026-05-13T10:40:48.545377,95.80,100.00,100.00,100.00
2026-05-13T10:40:48.807642,92.30,96.20,100.00,100.00
2026-05-13T10:40:49.063860,100.00,87.50,100.00,100.00
2026-05-13T10:40:49.318659,96.20,91.70,100.00,100.00
2026-05-13T10:40:49.575599,96.00,100.00,100.00,100.00
2026-05-13T10:40:49.833781,95.80,100.00,100.00,100.00
2026-05-13T10:40:50.090062,77.30,100.00,100.00,100.00
2026-05-13T10:40:50.348484,76.20,100.00,100.00,100.00
2026-05-13T10:40:50.607547,82.60,100.00,100.00,100.00
2026-05-13T10:40:50.866689,82.60,96.20,100.00,100.00
2026-05-13T10:40:51.120585,68.20,91.30,100.00,100.00
2026-05-13T10:40:51.376329,61.10,96.00,100.00,100.00
2026-05-13T10:40:51.630936,65.00,95.70,100.00,100.00
2026-05-13T10:40:51.885132,61.10,95.70,100.00,100.00
2026-05-13T10:40:52.141585,55.60,92.00,100.00,100.00
2026-05-13T10:40:52.399400,60.00,87.50,100.00,100.00
2026-05-13T10:40:52.654028,68.40,91.70,100.00,100.00
2026-05-13T10:40:52.914560,70.00,92.00,100.00,100.00
2026-05-13T10:40:53.169527,63.20,90.90,100.00,100.00
2026-05-13T10:40:53.424586,61.10,87.00,100.00,100.00
2026-05-13T10:40:53.680003,61.90,91.70,100.00,100.00
2026-05-13T10:40:53.934340,61.10,87.00,100.00,100.00
2026-05-13T10:40:54.189237,60.00,91.70,100.00,100.00
2026-05-13T10:40:54.443534,55.60,90.90,100.00,100.00
2026-05-13T10:40:54.698772,63.20,87.00,100.00,100.00
2026-05-13T10:40:54.954662,57.90,91.30,100.00,100.00
2026-05-13T10:40:55.209233,63.20,91.70,100.00,100.00
2026-05-13T10:40:55.527553,39.10,39.10,100.00,100.00
2026-05-13T10:40:55.781410,17.60,18.80,100.00,100.00
2026-05-13T10:40:56.035396,21.10,12.50,100.00,100.00
2026-05-13T10:40:56.289841,25.00,23.50,100.00,100.00
2026-05-13T10:40:56.543756,25.00,22.20,100.00,100.00
2026-05-13T10:40:56.798619,22.20,17.60,100.00,100.00
2026-05-13T10:40:57.052246,21.10,13.30,100.00,100.00
2026-05-13T10:40:57.306083,25.00,26.30,100.00,100.00
2026-05-13T10:40:57.560722,26.30,12.50,100.00,100.00
2026-05-13T10:40:57.814760,25.00,17.60,100.00,100.00
2026-05-13T10:40:58.069334,16.70,12.50,100.00,100.00
2026-05-13T10:40:58.322864,26.30,25.00,100.00,100.00
2026-05-13T10:40:58.577149,22.20,17.60,100.00,100.00
2026-05-13T10:40:58.831583,12.50,18.70,100.00,100.00
2026-05-13T10:40:59.085920,28.60,17.60,100.00,100.00
2026-05-13T10:40:59.339829,22.20,17.60,100.00,100.00
2026-05-13T10:40:59.593648,21.10,12.50,100.00,100.00
2026-05-13T10:40:59.847915,22.20,27.80,100.00,100.00
2026-05-13T10:41:00.101718,21.10,17.60,100.00,100.00
2026-05-13T10:41:00.355200,15.00,5.90,100.00,100.00
2026-05-13T10:41:00.608739,13.00,4.80,100.00,100.00
2026-05-13T10:41:00.862030,13.00,9.10,100.00,100.00
2026-05-13T10:41:01.115332,13.00,5.00,100.00,100.00
2026-05-13T10:41:01.368957,16.70,4.80,100.00,100.00
2026-05-13T10:41:01.622354,12.50,0.00,100.00,100.00
2026-05-13T10:41:01.875853,13.00,0.00,100.00,100.00
2026-05-13T10:41:02.129150,20.00,0.00,100.00,100.00
2026-05-13T10:41:02.383456,20.00,9.50,100.00,100.00
2026-05-13T10:41:02.636823,13.00,4.80,100.00,100.00
2026-05-13T10:41:02.890725,12.50,0.00,100.00,100.00
2026-05-13T10:41:03.143910,20.00,9.10,100.00,100.00
2026-05-13T10:41:03.397428,16.70,5.00,100.00,100.00
2026-05-13T10:41:03.650723,16.00,4.80,100.00,100.00
2026-05-13T10:41:03.903957,16.70,0.00,100.00,100.00
2026-05-13T10:41:04.157309,16.00,4.80,100.00,100.00
2026-05-13T10:41:04.411000,13.00,9.50,100.00,100.00
2026-05-13T10:41:04.664858,9.10,5.00,100.00,100.00
2026-05-13T10:41:04.918546,24.00,0.00,100.00,100.00
2026-05-13T10:41:05.171893,8.70,5.00,100.00,100.00
2026-05-13T10:41:05.428805,44.40,52.60,100.00,100.00
2026-05-13T10:41:05.683573,63.20,75.00,100.00,100.00
2026-05-13T10:41:05.938513,58.80,71.40,100.00,100.00
2026-05-13T10:41:06.194034,56.20,72.20,100.00,100.00
2026-05-13T10:41:06.449162,58.80,70.00,100.00,100.00
2026-05-13T10:41:06.704926,55.60,72.20,100.00,100.00
2026-05-13T10:41:06.960057,58.80,71.40,100.00,100.00
2026-05-13T10:41:07.216149,52.90,73.70,100.00,100.00
2026-05-13T10:41:07.471608,70.60,77.80,100.00,100.00
2026-05-13T10:41:07.726337,64.70,76.20,100.00,100.00
2026-05-13T10:41:07.984684,58.80,70.00,100.00,100.00
2026-05-13T10:41:08.240889,55.60,73.70,100.00,100.00
2026-05-13T10:41:08.495902,56.20,70.00,100.00,100.00
2026-05-13T10:41:08.753367,58.80,66.70,100.00,100.00
2026-05-13T10:41:09.011212,61.10,73.70,100.00,100.00
2026-05-13T10:41:09.267405,56.20,70.00,100.00,100.00
2026-05-13T10:41:09.523639,50.00,68.40,100.00,100.00
2026-05-13T10:41:09.778225,61.10,73.70,100.00,100.00
2026-05-13T10:41:10.035196,58.80,68.40,100.00,100.00
2026-05-13T10:41:10.291820,58.80,65.00,100.00,100.00
2026-05-13T10:41:10.547624,52.90,70.00,100.00,100.00
2026-05-13T10:41:10.803486,56.30,68.40,100.00,100.00
2026-05-13T10:41:11.057264,52.90,64.70,100.00,100.00
2026-05-13T10:41:11.311470,52.90,71.40,100.00,100.00
2026-05-13T10:41:11.566186,57.90,64.70,100.00,100.00
2026-05-13T10:41:11.820487,61.10,77.30,100.00,100.00
2026-05-13T10:41:12.075514,61.10,78.90,100.00,100.00
2026-05-13T10:41:12.329223,61.10,81.80,100.00,100.00
2026-05-13T10:41:12.583820,47.10,68.40,100.00,100.00
2026-05-13T10:41:12.837659,50.00,70.00,100.00,100.00
2026-05-13T10:41:13.091858,57.90,73.70,100.00,100.00
2026-05-13T10:41:13.346757,50.00,72.20,100.00,100.00
2026-05-13T10:41:13.602189,52.90,68.40,100.00,100.00
2026-05-13T10:41:13.856733,52.90,68.40,100.00,100.00
2026-05-13T10:41:14.111984,57.90,66.70,100.00,100.00
2026-05-13T10:41:14.367042,55.60,70.00,100.00,100.00
2026-05-13T10:41:14.622197,50.00,66.70,100.00,100.00
2026-05-13T10:41:14.877772,55.60,66.70,100.00,100.00
2026-05-13T10:41:15.132482,50.00,70.00,100.00,100.00
2026-05-13T10:41:15.387494,68.40,81.00,100.00,100.00
2026-05-13T10:41:15.703591,81.50,96.70,100.00,100.00
2026-05-13T10:41:15.958686,71.40,96.00,100.00,100.00
2026-05-13T10:41:16.213604,66.70,100.00,100.00,100.00
2026-05-13T10:41:16.469493,70.00,100.00,100.00,100.00
2026-05-13T10:41:16.726614,68.20,96.00,100.00,100.00
2026-05-13T10:41:16.986124,77.30,92.00,100.00,100.00
2026-05-13T10:41:17.242703,80.00,92.00,100.00,100.00
2026-05-13T10:41:17.499641,76.20,95.80,100.00,100.00
2026-05-13T10:41:17.753903,72.70,96.00,100.00,100.00
2026-05-13T10:41:18.010127,76.20,92.30,100.00,100.00
2026-05-13T10:41:18.265407,68.40,100.00,100.00,100.00
2026-05-13T10:41:18.521191,71.40,91.30,100.00,100.00
2026-05-13T10:41:18.775666,72.20,91.70,100.00,100.00
2026-05-13T10:41:19.031913,77.30,100.00,100.00,100.00
2026-05-13T10:41:19.285874,86.40,95.80,100.00,100.00
2026-05-13T10:41:19.541022,87.00,100.00,100.00,100.00
2026-05-13T10:41:19.796623,91.30,100.00,100.00,100.00
2026-05-13T10:41:20.053307,91.30,92.00,100.00,100.00
2026-05-13T10:41:20.307990,71.40,91.70,100.00,100.00
2026-05-13T10:41:20.563062,47.10,57.90,100.00,100.00
2026-05-13T10:41:20.819474,43.70,57.90,100.00,100.00
2026-05-13T10:41:21.074434,35.70,47.10,100.00,100.00
2026-05-13T10:41:21.329990,50.00,52.90,100.00,100.00
2026-05-13T10:41:21.585396,40.00,52.60,100.00,100.00
2026-05-13T10:41:21.839575,47.10,47.10,100.00,100.00
2026-05-13T10:41:22.093640,38.90,37.50,100.00,100.00
2026-05-13T10:41:22.348425,28.60,33.30,100.00,100.00
2026-05-13T10:41:22.602866,35.30,37.50,100.00,100.00
2026-05-13T10:41:22.856856,33.30,37.50,100.00,100.00
2026-05-13T10:41:23.111849,29.40,38.90,100.00,100.00
2026-05-13T10:41:23.366063,33.30,28.60,100.00,100.00
2026-05-13T10:41:23.620617,31.30,38.90,100.00,100.00
2026-05-13T10:41:23.875076,33.30,41.20,100.00,100.00
2026-05-13T10:41:24.129867,35.30,50.00,100.00,100.00
2026-05-13T10:41:24.384079,43.80,47.10,100.00,100.00
2026-05-13T10:41:24.642484,37.50,47.10,100.00,100.00
2026-05-13T10:41:24.897532,37.50,37.50,100.00,100.00
2026-05-13T10:41:25.152121,35.30,47.10,100.00,100.00
2026-05-13T10:41:25.467315,33.30,26.10,100.00,100.00
2026-05-13T10:41:25.721170,19.00,5.90,100.00,100.00
2026-05-13T10:41:25.975267,10.00,15.80,100.00,100.00
2026-05-13T10:41:26.229626,15.00,5.90,100.00,100.00
2026-05-13T10:41:26.483763,14.30,15.80,100.00,100.00
2026-05-13T10:41:26.737700,22.70,0.00,100.00,100.00
2026-05-13T10:41:26.991558,14.30,11.10,100.00,100.00
2026-05-13T10:41:27.245074,10.00,10.50,100.00,100.00
2026-05-13T10:41:27.498907,19.00,11.10,100.00,100.00
2026-05-13T10:41:27.752899,10.00,5.90,100.00,100.00
2026-05-13T10:41:28.006824,10.50,11.10,100.00,100.00
2026-05-13T10:41:28.260906,15.00,5.90,100.00,100.00
2026-05-13T10:41:28.514379,15.00,15.80,100.00,100.00
2026-05-13T10:41:28.768206,14.30,0.00,100.00,100.00
2026-05-13T10:41:29.021964,15.00,11.10,100.00,100.00
2026-05-13T10:41:29.275943,10.00,11.10,100.00,100.00
2026-05-13T10:41:29.530003,5.60,10.50,100.00,100.00
2026-05-13T10:41:29.783952,18.20,5.90,100.00,100.00
2026-05-13T10:41:30.037657,5.60,11.80,100.00,100.00
2026-05-13T10:41:30.292869,25.00,22.20,100.00,100.00
2026-05-13T10:41:30.548118,63.20,73.70,100.00,100.00
2026-05-13T10:41:30.802890,56.30,75.00,100.00,100.00
2026-05-13T10:41:31.059293,65.00,73.70,100.00,100.00
2026-05-13T10:41:31.315949,62.50,75.00,100.00,100.00
2026-05-13T10:41:31.572487,61.10,72.20,100.00,100.00
2026-05-13T10:41:31.828675,61.10,76.20,100.00,100.00
2026-05-13T10:41:32.085707,58.80,80.00,100.00,100.00
2026-05-13T10:41:32.340830,62.50,76.20,100.00,100.00
2026-05-13T10:41:32.595524,65.00,76.20,100.00,100.00
2026-05-13T10:41:32.849871,56.30,81.00,100.00,100.00
2026-05-13T10:41:33.104565,61.10,81.80,100.00,100.00
2026-05-13T10:41:33.359936,57.90,87.00,100.00,100.00
2026-05-13T10:41:33.615575,50.00,87.00,100.00,100.00
2026-05-13T10:41:33.871373,52.90,80.00,100.00,100.00
2026-05-13T10:41:34.125655,61.10,81.00,100.00,100.00
2026-05-13T10:41:34.380491,57.90,86.40,100.00,100.00
2026-05-13T10:41:34.634622,58.80,85.70,100.00,100.00
2026-05-13T10:41:34.889534,57.90,85.70,100.00,100.00
2026-05-13T10:41:35.218478,70.80,90.60,100.00,100.00
2026-05-13T10:41:35.473617,60.00,72.20,100.00,100.00
2026-05-13T10:41:35.727638,52.90,76.20,100.00,100.00
2026-05-13T10:41:35.981691,55.60,76.20,100.00,100.00
2026-05-13T10:41:36.236406,50.00,64.70,100.00,100.00
2026-05-13T10:41:36.493186,47.10,63.20,100.00,100.00
2026-05-13T10:41:36.749307,41.20,55.60,100.00,100.00
2026-05-13T10:41:37.005195,44.40,61.10,100.00,100.00
2026-05-13T10:41:37.263678,47.10,58.80,100.00,100.00
2026-05-13T10:41:37.519041,43.80,70.00,100.00,100.00
2026-05-13T10:41:37.773809,41.20,55.60,100.00,100.00
2026-05-13T10:41:38.029035,40.00,58.80,100.00,100.00
2026-05-13T10:41:38.283466,44.40,57.90,100.00,100.00
2026-05-13T10:41:38.537919,50.00,56.30,100.00,100.00
2026-05-13T10:41:38.793962,37.50,50.00,100.00,100.00
2026-05-13T10:41:39.048961,43.70,52.90,100.00,100.00
2026-05-13T10:41:39.303518,41.20,50.00,100.00,100.00
2026-05-13T10:41:39.558614,37.50,50.00,100.00,100.00
2026-05-13T10:41:39.815592,50.00,60.00,100.00,100.00
2026-05-13T10:41:40.072331,43.70,70.00,100.00,100.00
2026-05-13T10:41:40.327468,41.20,41.20,100.00,100.00
2026-05-13T10:41:40.581750,25.00,29.40,100.00,100.00
2026-05-13T10:41:40.836141,25.00,29.40,100.00,100.00
2026-05-13T10:41:41.090511,25.00,25.00,100.00,100.00
2026-05-13T10:41:41.345124,25.00,26.70,100.00,100.00
2026-05-13T10:41:41.600782,35.30,36.80,100.00,100.00
2026-05-13T10:41:41.855978,87.50,95.50,100.00,100.00
2026-05-13T10:41:42.112070,68.20,81.80,100.00,100.00
2026-05-13T10:41:42.368567,25.00,33.30,100.00,100.00
2026-05-13T10:41:42.623109,26.70,42.10,100.00,100.00
2026-05-13T10:41:42.878514,31.30,31.30,100.00,100.00
2026-05-13T10:41:43.132884,25.00,29.40,100.00,100.00
2026-05-13T10:41:43.387521,35.30,38.90,100.00,100.00
2026-05-13T10:41:43.641812,25.00,26.70,100.00,100.00
2026-05-13T10:41:43.896058,29.40,35.30,100.00,100.00
2026-05-13T10:41:44.150530,29.40,29.40,100.00,100.00
2026-05-13T10:41:44.405807,25.00,42.10,100.00,100.00
2026-05-13T10:41:44.661582,25.00,31.30,100.00,100.00
2026-05-13T10:41:44.915960,25.00,25.00,100.00,100.00
2026-05-13T10:41:45.170485,31.20,35.30,100.00,100.00
2026-05-13T10:41:45.424798,33.30,35.30,100.00,100.00
2026-05-13T10:41:45.680305,47.10,47.10,100.00,100.00
2026-05-13T10:41:45.934852,35.30,41.20,100.00,100.00
2026-05-13T10:41:46.189571,33.30,44.40,100.00,100.00
2026-05-13T10:41:46.444210,31.20,35.30,100.00,100.00
2026-05-13T10:41:46.700469,31.30,41.20,100.00,100.00
2026-05-13T10:41:46.954944,44.40,41.20,100.00,100.00
2026-05-13T10:41:47.209747,21.40,44.40,100.00,100.00
2026-05-13T10:41:47.464376,35.30,41.20,100.00,100.00
2026-05-13T10:41:47.719698,35.30,44.40,100.00,100.00
2026-05-13T10:41:47.973937,37.50,35.30,100.00,100.00
2026-05-13T10:41:48.228245,35.30,44.40,100.00,100.00
2026-05-13T10:41:48.482676,35.30,31.30,100.00,100.00
2026-05-13T10:41:48.736902,35.30,41.20,100.00,100.00
2026-05-13T10:41:48.990717,33.30,47.10,100.00,100.00
2026-05-13T10:41:49.245022,38.90,35.30,100.00,100.00
2026-05-13T10:41:49.499048,25.00,37.50,100.00,100.00
2026-05-13T10:41:49.753375,35.30,38.90,100.00,100.00
2026-05-13T10:41:50.008138,31.30,37.50,100.00,100.00
2026-05-13T10:41:50.262083,26.70,36.80,100.00,100.00
2026-05-13T10:41:50.589857,41.70,31.80,100.00,100.00
2026-05-13T10:41:50.843994,12.50,23.50,100.00,100.00
2026-05-13T10:41:51.098988,22.20,17.60,100.00,100.00
2026-05-13T10:41:51.353122,30.00,27.80,100.00,100.00
2026-05-13T10:41:51.607146,22.20,17.60,100.00,100.00
2026-05-13T10:41:51.861343,16.70,11.80,100.00,100.00
2026-05-13T10:41:52.115313,16.70,22.20,100.00,100.00
2026-05-13T10:41:52.369978,21.10,27.80,100.00,100.00
2026-05-13T10:41:52.623944,17.60,17.60,100.00,100.00
2026-05-13T10:41:52.878583,21.10,12.50,100.00,100.00
2026-05-13T10:41:53.132476,11.80,16.70,100.00,100.00
2026-05-13T10:41:53.386663,25.00,6.20,100.00,100.00
2026-05-13T10:41:53.640275,25.00,22.20,100.00,100.00
2026-05-13T10:41:53.893949,11.80,12.50,100.00,100.00
2026-05-13T10:41:54.148032,21.10,11.80,100.00,100.00
2026-05-13T10:41:54.403619,15.80,26.30,100.00,100.00
2026-05-13T10:41:54.660020,26.30,17.60,100.00,100.00
2026-05-13T10:41:54.914686,26.30,22.20,100.00,100.00
2026-05-13T10:41:55.168410,11.80,26.30,100.00,100.00
2026-05-13T10:41:55.424732,47.40,57.90,100.00,100.00
2026-05-13T10:41:55.680825,65.00,66.70,100.00,100.00
2026-05-13T10:41:55.937075,56.30,80.00,100.00,100.00
2026-05-13T10:41:56.196107,63.20,75.00,100.00,100.00
2026-05-13T10:41:56.453149,61.10,78.30,100.00,100.00
2026-05-13T10:41:56.710195,63.20,75.00,100.00,100.00
2026-05-13T10:41:56.966354,66.70,71.40,100.00,100.00
2026-05-13T10:41:57.221552,64.70,75.00,100.00,100.00
2026-05-13T10:41:57.475196,60.00,65.00,100.00,100.00
2026-05-13T10:41:57.729553,62.50,60.00,100.00,100.00
2026-05-13T10:41:57.984675,55.60,57.90,100.00,100.00
2026-05-13T10:41:58.239947,52.90,66.70,100.00,100.00
2026-05-13T10:41:58.494832,57.90,65.00,100.00,100.00
2026-05-13T10:41:58.750648,50.00,63.20,100.00,100.00
2026-05-13T10:41:59.005493,63.20,68.40,100.00,100.00
2026-05-13T10:41:59.260064,50.00,69.60,100.00,100.00
2026-05-13T10:41:59.515827,46.70,64.70,100.00,100.00
2026-05-13T10:41:59.770813,63.20,57.90,100.00,100.00
2026-05-13T10:42:00.025984,58.80,65.00,100.00,100.00
2026-05-13T10:42:00.279692,50.00,70.00,100.00,100.00
2026-05-13T10:42:00.533701,57.90,81.00,100.00,100.00
2026-05-13T10:42:00.788763,57.90,84.20,100.00,100.00
2026-05-13T10:42:01.043482,60.00,81.80,100.00,100.00
2026-05-13T10:42:01.298143,57.90,87.00,100.00,100.00
2026-05-13T10:42:01.553895,52.60,81.80,100.00,100.00
2026-05-13T10:42:01.808689,50.00,90.90,100.00,100.00
2026-05-13T10:42:02.062643,57.90,81.80,100.00,100.00
2026-05-13T10:42:02.317376,60.00,81.00,100.00,100.00
2026-05-13T10:42:02.571337,61.10,81.00,100.00,100.00
2026-05-13T10:42:02.826793,60.00,76.20,100.00,100.00
2026-05-13T10:42:03.081209,58.80,80.00,100.00,100.00
2026-05-13T10:42:03.336199,60.00,77.30,100.00,100.00
2026-05-13T10:42:03.594046,58.80,81.80,100.00,100.00
2026-05-13T10:42:03.850079,63.20,77.30,100.00,100.00
2026-05-13T10:42:04.108296,65.00,75.00,100.00,100.00
2026-05-13T10:42:04.363445,70.00,90.90,100.00,100.00
2026-05-13T10:42:04.618004,63.20,77.30,100.00,100.00
2026-05-13T10:42:04.873195,66.70,85.70,100.00,100.00
2026-05-13T10:42:05.128069,63.20,81.00,100.00,100.00
2026-05-13T10:42:05.384868,55.60,71.40,100.00,100.00
2026-05-13T10:42:05.639981,50.00,63.20,100.00,100.00
2026-05-13T10:42:05.894642,35.30,47.10,100.00,100.00
2026-05-13T10:42:06.149436,38.90,43.70,100.00,100.00
2026-05-13T10:42:06.403900,37.50,50.00,100.00,100.00
2026-05-13T10:42:06.658419,38.90,41.20,100.00,100.00
2026-05-13T10:42:06.913669,37.50,38.90,100.00,100.00
2026-05-13T10:42:07.168082,31.20,41.20,100.00,100.00
2026-05-13T10:42:07.422901,44.40,44.40,100.00,100.00
2026-05-13T10:42:07.677577,35.30,44.40,100.00,100.00
2026-05-13T10:42:07.932114,47.10,52.90,100.00,100.00
2026-05-13T10:42:08.186718,37.50,52.60,100.00,100.00
2026-05-13T10:42:08.441608,41.20,41.20,100.00,100.00
2026-05-13T10:42:08.696515,28.60,44.40,100.00,100.00
2026-05-13T10:42:08.951159,37.50,37.50,100.00,100.00
2026-05-13T10:42:09.205000,35.30,41.20,100.00,100.00
2026-05-13T10:42:09.459664,44.40,47.10,100.00,100.00
2026-05-13T10:42:09.714539,38.90,37.50,100.00,100.00
2026-05-13T10:42:09.969034,26.70,47.10,100.00,100.00
2026-05-13T10:42:10.225166,26.70,47.10,100.00,100.00
2026-05-13T10:42:10.480133,41.20,35.30,100.00,100.00
2026-05-13T10:42:10.734540,35.30,41.20,100.00,100.00
2026-05-13T10:42:10.989976,28.60,41.20,100.00,100.00
2026-05-13T10:42:11.245104,38.90,35.30,100.00,100.00
2026-05-13T10:42:11.499757,38.90,41.20,100.00,100.00
2026-05-13T10:42:11.754045,41.20,44.40,100.00,100.00
2026-05-13T10:42:12.007883,35.30,35.30,100.00,100.00
2026-05-13T10:42:12.262184,26.70,41.20,100.00,100.00
2026-05-13T10:42:12.516576,41.20,47.40,100.00,100.00
2026-05-13T10:42:12.770956,31.30,31.20,100.00,100.00
2026-05-13T10:42:13.025016,35.30,35.30,100.00,100.00
2026-05-13T10:42:13.280698,31.30,41.20,100.00,100.00
2026-05-13T10:42:13.534779,31.20,31.30,100.00,100.00
2026-05-13T10:42:13.789614,40.00,52.60,100.00,100.00
2026-05-13T10:42:14.044814,47.10,44.40,100.00,100.00
2026-05-13T10:42:14.299385,37.50,52.60,100.00,100.00
2026-05-13T10:42:14.554242,37.50,47.10,100.00,100.00
2026-05-13T10:42:14.810129,35.30,38.90,100.00,100.00
2026-05-13T10:42:15.064916,37.50,44.40,100.00,100.00
2026-05-13T10:42:15.322600,50.00,61.10,100.00,100.00
2026-05-13T10:42:15.646188,86.70,90.30,100.00,100.00
2026-05-13T10:42:15.905116,100.00,34.80,100.00,100.00
2026-05-13T10:42:16.160480,100.00,100.00,100.00,100.00
2026-05-13T10:42:16.418024,81.00,100.00,100.00,100.00
2026-05-13T10:42:16.673835,100.00,96.30,100.00,100.00
2026-05-13T10:42:16.929242,96.20,100.00,100.00,100.00
2026-05-13T10:42:17.187790,100.00,100.00,100.00,100.00
2026-05-13T10:42:17.446069,87.50,96.30,100.00,100.00
2026-05-13T10:42:17.702240,82.60,100.00,100.00,100.00
2026-05-13T10:42:17.957814,82.60,100.00,100.00,100.00
2026-05-13T10:42:18.214564,82.60,100.00,100.00,100.00
2026-05-13T10:42:18.471283,87.50,96.20,100.00,100.00
2026-05-13T10:42:18.726150,81.80,100.00,100.00,100.00
2026-05-13T10:42:18.980465,81.80,96.20,100.00,100.00
2026-05-13T10:42:19.235187,73.70,100.00,100.00,100.00
2026-05-13T10:42:19.489835,78.30,100.00,100.00,100.00
2026-05-13T10:42:19.746312,86.40,100.00,100.00,100.00
2026-05-13T10:42:20.004005,87.50,100.00,100.00,100.00
2026-05-13T10:42:20.257784,72.70,96.20,100.00,100.00
2026-05-13T10:42:20.564238,25.80,14.80,100.00,100.00
2026-05-13T10:42:20.817531,8.30,4.30,100.00,100.00
2026-05-13T10:42:21.071163,8.30,0.00,100.00,100.00
2026-05-13T10:42:21.324508,8.30,0.00,100.00,100.00
2026-05-13T10:42:21.577762,8.30,8.30,100.00,100.00
2026-05-13T10:42:21.831181,4.20,4.30,100.00,100.00
2026-05-13T10:42:22.084518,15.40,0.00,100.00,100.00
2026-05-13T10:42:22.337679,8.30,0.00,100.00,100.00
2026-05-13T10:42:22.591252,12.00,4.50,100.00,100.00
2026-05-13T10:42:22.844760,12.00,4.30,100.00,100.00
2026-05-13T10:42:23.097978,4.30,4.30,100.00,100.00
2026-05-13T10:42:23.351351,8.30,4.30,100.00,100.00
2026-05-13T10:42:23.604535,11.50,4.50,100.00,100.00
2026-05-13T10:42:23.857988,8.30,0.00,100.00,100.00
2026-05-13T10:42:24.111604,8.30,4.30,100.00,100.00
2026-05-13T10:42:24.365107,12.00,4.30,100.00,100.00
2026-05-13T10:42:24.618855,8.30,0.00,100.00,100.00
2026-05-13T10:42:24.872291,8.30,0.00,100.00,100.00
2026-05-13T10:42:25.125496,12.00,8.30,100.00,100.00
2026-05-13T10:42:25.378794,12.50,4.80,100.00,100.00
2026-05-13T10:42:25.632505,13.60,9.50,100.00,100.00
2026-05-13T10:42:25.885845,16.70,5.30,100.00,100.00
2026-05-13T10:42:26.139249,9.10,5.00,100.00,100.00
2026-05-13T10:42:26.393452,20.80,15.00,100.00,100.00
2026-05-13T10:42:26.647874,17.40,10.00,100.00,100.00
2026-05-13T10:42:26.901462,20.00,5.00,100.00,100.00
2026-05-13T10:42:27.155511,17.40,5.30,100.00,100.00
2026-05-13T10:42:27.408972,13.60,5.00,100.00,100.00
2026-05-13T10:42:27.662564,16.70,5.00,100.00,100.00
2026-05-13T10:42:27.916696,9.50,5.00,100.00,100.00
2026-05-13T10:42:28.170593,17.40,10.00,100.00,100.00
2026-05-13T10:42:28.424028,17.40,5.00,100.00,100.00
2026-05-13T10:42:28.678295,13.00,5.00,100.00,100.00
2026-05-13T10:42:28.932002,9.10,5.00,100.00,100.00
2026-05-13T10:42:29.185765,17.40,9.50,100.00,100.00
2026-05-13T10:42:29.439128,9.50,5.00,100.00,100.00
2026-05-13T10:42:29.692650,16.70,5.00,100.00,100.00
2026-05-13T10:42:29.946150,13.60,9.50,100.00,100.00
2026-05-13T10:42:30.199497,12.50,9.50,100.00,100.00
2026-05-13T10:42:30.452893,8.70,0.00,100.00,100.00
2026-05-13T10:42:30.706445,8.30,8.70,100.00,100.00
2026-05-13T10:42:30.959941,8.30,4.50,100.00,100.00
2026-05-13T10:42:31.213352,12.50,4.50,100.00,100.00
2026-05-13T10:42:31.466838,8.30,4.50,100.00,100.00
2026-05-13T10:42:31.720040,8.30,0.00,100.00,100.00
2026-05-13T10:42:31.973549,8.30,8.70,100.00,100.00
2026-05-13T10:42:32.227082,8.70,0.00,100.00,100.00
2026-05-13T10:42:32.480797,12.00,8.30,100.00,100.00
2026-05-13T10:42:32.734331,4.30,0.00,100.00,100.00
2026-05-13T10:42:32.987697,15.40,0.00,100.00,100.00
2026-05-13T10:42:33.240908,4.50,4.50,100.00,100.00
2026-05-13T10:42:33.494513,4.30,0.00,100.00,100.00
2026-05-13T10:42:33.747900,8.30,9.10,100.00,100.00
2026-05-13T10:42:34.001295,8.70,0.00,100.00,100.00
2026-05-13T10:42:34.254855,12.50,13.00,100.00,100.00
2026-05-13T10:42:34.508247,12.00,4.50,100.00,100.00
2026-05-13T10:42:34.761780,12.50,4.50,100.00,100.00
2026-05-13T10:42:35.015151,8.30,4.50,100.00,100.00
2026-05-13T10:42:35.268831,12.00,4.50,100.00,100.00
2026-05-13T10:42:35.522022,0.00,3.80,100.00,100.00
2026-05-13T10:42:35.775246,4.00,7.70,100.00,100.00
2026-05-13T10:42:36.028452,4.00,0.00,100.00,100.00
2026-05-13T10:42:36.281672,3.80,3.80,100.00,100.00
2026-05-13T10:42:36.535049,7.70,4.00,100.00,100.00
2026-05-13T10:42:36.788018,0.00,0.00,100.00,100.00
2026-05-13T10:42:37.041254,16.00,12.50,100.00,100.00
2026-05-13T10:42:37.294397,4.20,14.80,100.00,100.00
2026-05-13T10:42:37.547398,26.90,24.00,100.00,100.00
2026-05-13T10:42:37.800550,0.00,0.00,100.00,100.00
2026-05-13T10:42:38.053718,0.00,4.00,100.00,100.00
2026-05-13T10:42:38.306779,0.00,0.00,100.00,100.00
2026-05-13T10:42:38.559833,7.70,7.70,100.00,100.00
2026-05-13T10:42:38.812952,3.80,0.00,100.00,100.00
2026-05-13T10:42:39.066117,0.00,3.80,100.00,100.00
2026-05-13T10:42:39.319221,3.80,4.00,100.00,100.00
2026-05-13T10:42:39.572335,0.00,0.00,100.00,100.00
2026-05-13T10:42:39.825595,16.00,26.90,100.00,100.00
2026-05-13T10:42:40.078895,4.00,0.00,100.00,100.00
2026-05-13T10:42:40.332065,19.20,20.00,100.00,100.00
2026-05-13T10:42:40.585136,11.50,7.70,100.00,100.00
2026-05-13T10:42:40.838357,0.00,0.00,100.00,100.00
2026-05-13T10:42:41.091525,19.20,20.00,100.00,100.00
2026-05-13T10:42:41.344578,4.00,7.70,100.00,100.00
2026-05-13T10:42:41.597561,4.00,0.00,100.00,100.00
2026-05-13T10:42:41.850874,16.00,26.90,100.00,100.00
2026-05-13T10:42:42.105137,8.00,4.00,100.00,100.00
2026-05-13T10:42:42.358949,11.50,24.00,100.00,100.00
2026-05-13T10:42:42.611983,3.80,4.00,100.00,100.00
2026-05-13T10:42:42.865396,0.00,4.00,100.00,100.00
2026-05-13T10:42:43.118531,0.00,0.00,100.00,100.00
2026-05-13T10:42:43.371665,3.80,4.00,100.00,100.00
